<?xml version="1.0" encoding="UTF-8"?>
<GRAMMAR>
<RULE name="S" toplevel="ACTIVE">
  <L>
    <P>
      <RULEREF name="EKI"/>
    </P>
    <P>
      <RULEREF name="EKI"/>
      <RULEREF name="MADE"/>
    </P>
    <P>
      <RULEREF name="EKI"/>
      <RULEREF name="KARA"/>
      <RULEREF name="EKI"/>
      <RULEREF name="MADE"/>
    </P>
    <P>
      <RULEREF name="FILL_B"/>
      <RULEREF name="EKI"/>
    </P>
    <P>
      <RULEREF name="FILL_B"/>
      <RULEREF name="EKI"/>
      <RULEREF name="MADE"/>
    </P>
    <P>
      <RULEREF name="FILL_B"/>
      <RULEREF name="EKI"/>
      <RULEREF name="KARA"/>
      <RULEREF name="EKI"/>
      <RULEREF name="MADE"/>
    </P>
  </L>
</RULE>
<RULE name="MADE" toplevel="INACTIVE">
  <L>
    <P>まで</P>
  </L>
</RULE>
<RULE name="KARA" toplevel="INACTIVE">
  <L>
    <P>から</P>
  </L>
</RULE>
<RULE name="EKI" toplevel="INACTIVE">
  <L>
    <P>/かみのやま温泉/かみのやまおんせん;</P>
    <P>/くりこま高原/くりこまこーげん;</P>
    <P>/さくらんぼ東根/さくらんぼひがしね;</P>
    <P>/がーら湯沢/がーらゆざわ;</P>
    <P>/安中榛名/あんなかはるな;</P>
    <P>/一の関/いちのせき;</P>
    <P>/宇都宮/うつのみや;</P>
    <P>/浦佐/うらさ;</P>
    <P>/越後湯沢/えちごゆざわ;</P>
    <P>/燕三条/つばめさんじょー;</P>
    <P>/岡山/おかやま;</P>
    <P>/角館/かくのだて;</P>
    <P>/掛川/かけがわ;</P>
    <P>/岐阜羽島/ぎふはしま;</P>
    <P>/京都/きょーと;</P>
    <P>/熊谷/くまがい;</P>
    <P>/郡山/こーりやま;</P>
    <P>/軽井沢/かるいざわ;</P>
    <P>/古川/ふるかわ;</P>
    <P>/厚狭/あさ;</P>
    <P>/広島/ひろしま;</P>
    <P>/高崎/たかさき;</P>
    <P>/高畠/たかはた;</P>
    <P>/佐久平/さくだいら;</P>
    <P>/三河安城/みかわあんじょー;</P>
    <P>/三原/みはら;</P>
    <P>/三島/みしま;</P>
    <P>/山形/やまがた;</P>
    <P>/雫石/しずくいし;</P>
    <P>/秋田/あきた;</P>
    <P>/小郡/おごーり;</P>
    <P>/小山/おやま;</P>
    <P>/小倉/こくら;</P>
    <P>/小田原/おだわら;</P>
    <P>/上田/うえだ;</P>
    <P>/上毛高原/じょーもーこーげん;</P>
    <P>/上野/うえの;</P>
    <P>/新横浜/しんよこはま;</P>
    <P>/新下関/しんしものせき;</P>
    <P>/新花巻/しんはなまき;</P>
    <P>/新潟/にーがた;</P>
    <P>/新岩国/しんいわくに;</P>
    <P>/新庄/しんじょー;</P>
    <P>/新神戸/しんこーべ;</P>
    <P>/新倉敷/しんくらしき;</P>
    <P>/新大阪/しんおーさか;</P>
    <P>/新白河/しんしらかわ;</P>
    <P>/新尾道/しんおのみち;</P>
    <P>/新富士/しんふじ;</P>
    <P>/水沢江刺/みずざわえさし;</P>
    <P>/盛岡/もりおか;</P>
    <P>/西明石/にしあかし;</P>
    <P>/静岡/しずおか;</P>
    <P>/赤湯/あかゆ;</P>
    <P>/仙台/せんだい;</P>
    <P>/相生/あいおい;</P>
    <P>/村山/むらやま;</P>
    <P>/大宮/おーみや;</P>
    <P>/大曲/おーまがり;</P>
    <P>/大石田/おーいしだ;</P>
    <P>/長岡/ながおか;</P>
    <P>/長野/ながの;</P>
    <P>/天童/てんどー;</P>
    <P>/田沢湖/たざわこ;</P>
    <P>/東京/とーきょー;</P>
    <P>/東広島/ひがしひろしま;</P>
    <P>/徳山/とくやま;</P>
    <P>/那須塩原/なすしおばら;</P>
    <P>/熱海/あたみ;</P>
    <P>/博多/はかた;</P>
    <P>/白石蔵王/しろいしざおー;</P>
    <P>/姫路/ひめじ;</P>
    <P>/浜松/はままつ;</P>
    <P>/福山/ふくやま;</P>
    <P>/福島/ふくしま;</P>
    <P>/米原/まいばら;</P>
    <P>/米沢/よねざわ;</P>
    <P>/豊橋/とよはし;</P>
    <P>/北上/きたかみ;</P>
    <P>/名古屋/なごや;</P>
    <P>/品川/しながわ;</P>
  </L>
</RULE>
<RULE name="FILL_B" toplevel="INACTIVE">
  <L>
    <P>えー</P>
    <P>えーと</P>
    <P>/えーと/えーっと;</P>
    <P>あのー</P>
  </L>
</RULE>
</GRAMMAR>
